{
	"Name" : "Gift",
	"Description" : "Gift players certain weapons/abilities. Type gift/mod in the console inside a match to get started. Ex: 'gift mp_weapon_sniper all' will give everyone a Kraber.",
	"Version": "1.0.2",
	"LoadPriority": 2,

	// ui inits need to happen before so our init callbacks get called
	"Scripts": [
		{
			"Path": "gift.nut",
			"RunOn": "SERVER && MP",
			"ServerCallback": {
				"After": "GiftCommand",
			},
		},
		{
			"Path": "gift_weapons.nut",
			"RunOn": "SERVER && MP",
		},
		{
			"Path": "weaponmod.nut",
			"RunOn": "SERVER && MP",
			"ServerCallback": {
				"After": "Mod",
			},
		},
	],
}