{
	"Name" : "Better.Serverbrowser",
	"Description" : "Improves the northstar serverbrowser\n\nReport issues at: https://github.com/F1F7Y/Better.Serverbrowser/issues\nor on discord: Fifty#8113",
	"Version": "1.2.0",
	"LoadPriority": 1,
	"ConVars": [
		{
			"Name": "filter_hide_empty",
			"DefaultValue": "0"
		},
		{
			"Name": "filter_hide_full",
			"DefaultValue": "0"
		},
		{
			"Name": "filter_hide_protected",
			"DefaultValue": "0"
		},
		{
			"Name": "filter_map",
			"DefaultValue": "0"
		},
		{
			"Name": "filter_gamemode",
			"DefaultValue": "0"
		}
	]
}
